,PredFail
0,0
1,0
2,1
3,1
4,0
5,1
6,0
7,0
8,0
9,0
10,0
11,0
12,0
13,0
14,0
15,0
16,0
17,0
18,0
19,0
20,0
21,0
22,0
23,0
24,0
25,0
26,0
27,0
28,0
29,0
30,0
31,0
32,0
33,0
34,0
35,0
36,0
37,0
38,0
39,0
40,0
41,0
42,0
43,0
44,1
45,0
46,0
47,0
48,0
49,0
50,1
51,0
52,0
53,0
54,1
55,0
56,1
57,1
58,0
59,0
60,0
61,0
62,1
63,0
64,0
65,0
66,0
67,0
68,0
69,0
70,0
71,0
72,1
73,0
74,1
75,0
76,0
77,0
78,0
79,0
80,1
81,0
82,1
83,1
84,0
85,0
86,0
87,0
88,0
89,0
90,0
91,0
92,0
93,0
94,0
95,0
96,1
97,0
98,0
99,0
100,0
101,1
102,0
103,0
104,0
105,0
106,0
107,1
108,0
109,1
110,1
111,1
112,0
113,0
114,1
115,0
116,1
117,0
118,1
119,0
120,0
121,0
122,0
123,0
124,0
125,1
126,0
127,0
128,0
129,0
130,0
131,1
132,0
133,0
134,1
135,1
136,0
137,1
138,1
139,1
140,0
141,0
142,0
143,0
144,1
145,0
146,0
147,0
148,1
149,0
150,0
151,0
152,1
153,1
154,0
155,0
156,1
157,1
158,0
159,1
160,1
161,1
162,1
163,0
164,0
165,1
166,0
167,0
168,0
169,0
170,0
171,0
172,0
173,0
174,0
175,0
176,0
177,1
178,1
179,0
180,1
181,0
182,0
183,1
184,1
185,0
186,0
187,0
188,0
189,0
190,0
191,0
192,0
193,0
194,0
195,0
196,0
197,0
198,0
199,0
200,0
201,0
202,1
203,0
204,0
205,0
206,0
207,0
208,0
209,0
210,0
211,0
212,0
213,0
214,0
215,0
216,0
217,0
218,0
219,0
220,0
221,0
222,0
223,0
224,0
225,0
226,1
227,0
228,1
229,0
230,0
231,0
232,0
233,0
234,0
235,0
236,0
237,0
238,0
239,0
240,0
241,0
242,0
243,0
244,1
245,0
246,0
247,0
248,0
249,0
250,0
251,0
252,0
253,0
254,0
255,0
256,0
257,0
258,0
259,0
260,0
261,0
262,0
263,0
264,0
265,0
266,1
267,0
268,0
269,0
270,0
271,0
272,0
273,0
274,0
275,0
276,1
277,0
278,0
279,0
280,0
281,1
282,1
283,0
284,0
285,0
286,0
287,0
288,0
289,0
290,0
291,0
292,0
293,0
294,0
295,1
296,0
297,0
298,1
299,0
300,0
301,0
302,0
303,0
304,0
305,0
306,1
307,0
308,1
309,0
310,1
311,0
312,0
313,0
314,0
315,0
316,1
317,1
318,1
319,0
320,0
321,1
322,0
323,0
324,0
325,0
326,0
327,0
328,0
329,0
330,0
331,0
332,0
333,1
334,0
335,0
336,0
337,0
338,0
339,1
340,1
341,0
342,0
343,0
344,0
345,0
346,0
347,0
348,0
349,1
350,0
351,1
352,0
353,0
354,0
355,0
356,0
357,0
358,0
359,0
360,1
361,0
362,0
363,1
364,0
365,1
366,1
367,0
368,0
369,0
370,0
371,0
372,0
373,0
374,0
375,0
376,1
377,0
378,0
379,0
380,0
381,0
382,0
383,0
384,1
385,1
386,0
387,0
388,0
389,0
390,1
391,0
392,0
393,1
394,1
395,0
396,0
397,1
398,0
399,0
400,0
401,0
402,0
403,0
404,0
405,1
406,0
407,0
408,0
409,0
410,0
411,0
412,0
413,0
414,0
415,0
416,0
417,0
418,0
419,1
420,0
421,0
422,0
423,1
424,0
425,0
426,0
427,0
428,0
429,0
430,0
431,0
432,0
433,0
434,0
435,0
436,1
437,0
438,0
439,0
440,0
441,0
442,0
443,0
444,0
445,1
446,0
447,0
448,0
449,0
450,0
451,0
452,1
453,0
454,0
455,0
456,0
457,0
458,0
459,0
460,0
461,0
462,0
463,0
464,1
465,0
466,0
467,0
468,0
469,0
470,0
471,0
472,0
473,0
474,0
475,0
476,0
477,0
478,1
479,0
480,0
481,0
482,0
483,0
484,0
485,0
486,0
487,0
488,0
489,0
490,0
491,0
492,0
493,1
494,0
495,0
496,0
497,0
498,0
499,0
500,0
501,0
502,0
503,0
504,1
505,0
506,0
507,0
508,0
509,0
510,0
511,0
512,1
513,0
514,1
515,0
516,0
517,0
518,0
519,0
520,0
521,0
522,0
523,0
524,0
525,0
526,0
527,1
528,0
529,0
530,0
531,1
532,1
533,0
534,0
535,0
536,0
537,0
538,0
539,1
540,0
541,0
542,0
543,0
544,0
545,1
546,0
547,0
548,1
549,0
550,1
551,0
552,1
553,0
554,0
555,0
556,0
557,0
558,0
559,1
560,0
561,1
562,0
563,0
564,1
565,1
566,1
567,0
568,0
569,0
570,0
571,0
572,0
573,1
574,0
575,1
576,0
577,0
578,0
579,0
580,1
581,0
582,0
583,0
584,0
585,0
586,0
587,0
588,0
589,0
590,0
591,1
592,1
593,1
594,0
595,0
596,0
597,0
598,1
599,0
600,0
601,0
602,0
603,0
604,0
605,0
606,0
607,0
608,0
609,0
610,0
611,0
612,0
613,0
614,0
615,0
616,0
617,1
618,0
619,0
620,0
621,1
622,0
623,0
624,1
625,1
626,0
627,0
628,1
629,0
630,0
631,1
632,0
633,0
634,0
635,0
636,0
637,0
638,0
639,0
640,1
641,1
642,0
643,1
644,0
645,0
646,1
647,0
648,0
649,0
650,0
651,0
652,1
653,1
654,1
655,0
656,1
657,0
658,0
659,0
660,0
661,0
662,0
663,0
664,0
665,0
666,0
667,0
668,1
669,0
670,0
671,1
672,0
673,0
674,0
675,0
676,0
677,0
678,0
679,1
680,0
681,0
682,0
683,0
684,0
685,0
686,0
687,0
688,0
689,0
690,0
691,0
692,0
693,0
694,0
695,1
696,0
697,1
698,0
699,0
700,0
701,0
702,0
703,0
704,1
705,0
706,0
707,0
708,0
709,0
710,0
711,0
712,0
713,0
714,0
715,0
716,0
717,0
718,0
719,0
720,1
721,0
722,0
723,0
724,0
725,1
726,0
727,0
728,0
729,0
730,1
731,0
732,0
733,0
734,0
735,0
736,0
737,0
738,0
739,1
740,1
741,1
742,1
743,0
744,0
745,0
746,0
747,1
748,1
749,0
750,1
751,0
752,0
753,0
754,0
755,0
756,0
757,0
758,0
759,0
760,0
761,0
762,0
763,0
764,0
765,0
766,0
767,0
768,0
769,0
770,0
771,0
772,0
773,0
774,0
775,0
776,0
777,0
778,0
779,0
780,0
781,0
782,0
783,0
784,0
785,0
786,0
787,0
788,0
789,0
790,0
791,0
792,0
793,0
794,0
795,0
796,0
797,0
798,0
799,0
800,0
801,0
802,0
803,0
804,0
805,0
806,0
807,0
808,0
809,0
810,0
811,0
812,0
813,0
814,0
815,0
816,0
817,1
818,1
819,0
820,0
821,0
822,0
823,0
824,0
825,0
826,0
827,0
828,0
829,0
830,1
831,0
832,1
833,0
834,0
835,0
836,0
837,0
838,0
839,0
840,0
841,0
842,0
843,0
844,0
845,0
846,0
847,0
848,0
849,1
850,0
851,0
852,0
853,0
854,0
855,0
856,0
857,0
858,0
859,0
860,0
861,0
862,0
863,0
864,0
865,0
866,0
867,0
868,0
869,0
870,0
871,0
872,0
873,0
874,0
875,0
876,1
877,0
878,0
879,0
880,0
881,0
882,0
883,0
884,0
885,0
886,0
887,0
888,0
889,0
890,0
891,0
892,0
893,1
894,1
895,0
896,1
897,0
898,0
899,0
900,0
901,0
902,0
903,0
904,0
905,1
906,0
907,0
908,0
909,0
910,0
911,0
912,0
913,0
914,1
915,1
916,0
917,1
918,0
919,1
920,1
921,1
922,0
923,0
924,1
925,0
926,0
927,0
928,1
929,0
930,0
931,1
932,0
933,0
934,0
935,0
936,0
937,0
938,0
939,0
940,0
941,1
942,0
943,0
944,0
945,0
946,0
947,0
948,0
949,0
950,0
951,0
952,0
953,0
954,0
955,0
956,0
957,0
958,0
959,0
960,0
961,0
962,0
963,0
964,0
965,0
966,0
967,0
968,0
969,0
970,0
971,0
972,0
973,0
974,0
975,0
976,0
977,0
978,0
979,1
980,0
981,0
982,0
983,0
984,0
985,0
986,0
987,0
988,0
989,0
990,0
991,0
992,0
993,0
994,0
995,0
996,0
997,0
998,0
999,0
1000,0
1001,0
1002,0
1003,0
1004,1
1005,0
1006,0
1007,0
1008,0
1009,0
1010,0
1011,0
1012,0
1013,0
1014,0
1015,0
1016,0
1017,1
1018,0
1019,0
1020,0
1021,0
1022,0
1023,0
1024,1
1025,0
1026,0
1027,0
1028,0
1029,1
1030,0
1031,0
1032,0
1033,0
1034,0
1035,0
1036,0
1037,0
1038,1
1039,0
1040,0
1041,0
1042,0
1043,0
1044,0
1045,0
1046,0
1047,0
1048,0
1049,0
1050,0
1051,0
1052,0
1053,0
1054,0
1055,0
1056,0
1057,0
1058,1
1059,0
1060,1
1061,0
1062,0
1063,0
1064,0
1065,0
1066,0
1067,0
1068,0
1069,0
1070,0
1071,0
1072,1
1073,0
1074,0
1075,0
1076,0
1077,1
1078,0
1079,1
1080,0
1081,1
1082,1
1083,1
1084,1
1085,0
1086,1
1087,0
1088,0
1089,0
1090,0
1091,1
1092,1
1093,1
1094,0
1095,1
1096,0
1097,0
1098,1
1099,0
1100,0
1101,1
1102,1
1103,1
1104,1
1105,1
1106,1
1107,0
1108,0
1109,0
1110,1
1111,0
1112,0
1113,0
1114,0
1115,1
1116,0
1117,0
1118,1
1119,1
1120,0
1121,1
1122,0
1123,1
1124,1
1125,1
1126,1
1127,1
1128,0
1129,1
1130,1
1131,0
1132,1
1133,1
1134,1
1135,1
1136,0
1137,0
1138,1
1139,0
1140,0
1141,0
1142,1
1143,0
1144,0
1145,0
1146,0
1147,0
1148,0
1149,1
1150,0
1151,1
1152,1
1153,0
1154,1
1155,0
1156,0
1157,0
1158,1
1159,0
1160,1
1161,1
1162,1
1163,0
1164,0
1165,0
1166,1
1167,1
1168,1
1169,0
1170,1
1171,0
1172,0
1173,0
1174,0
1175,1
1176,1
1177,0
1178,1
1179,0
1180,0
1181,1
1182,0
1183,1
1184,0
1185,1
1186,1
1187,1
1188,0
1189,0
1190,0
1191,0
1192,0
1193,0
1194,0
1195,0
1196,0
1197,0
1198,0
1199,0
1200,0
1201,0
1202,1
1203,0
1204,0
1205,0
1206,0
1207,1
1208,1
1209,0
1210,0
1211,0
1212,0
1213,1
1214,1
1215,0
1216,0
1217,0
1218,1
1219,0
1220,0
1221,0
1222,0
1223,0
1224,0
1225,0
1226,0
1227,0
1228,0
1229,0
1230,1
1231,0
1232,0
1233,0
1234,0
1235,0
1236,0
1237,0
1238,0
1239,0
1240,0
1241,0
1242,1
1243,0
1244,0
1245,0
1246,0
1247,0
1248,0
1249,0
1250,0
1251,0
1252,1
1253,0
1254,0
1255,1
1256,0
1257,0
1258,0
1259,0
1260,0
1261,0
1262,0
1263,1
1264,0
1265,0
1266,1
1267,0
1268,0
1269,0
1270,0
1271,0
1272,0
1273,0
1274,1
1275,0
1276,0
1277,0
1278,0
1279,0
1280,0
1281,0
1282,0
1283,0
1284,0
1285,1
1286,0
1287,1
1288,0
1289,0
1290,0
1291,0
1292,0
1293,0
1294,0
1295,0
1296,0
1297,1
1298,0
1299,0
1300,0
1301,0
1302,0
1303,0
1304,0
1305,1
1306,0
1307,0
1308,0
1309,0
1310,1
1311,1
1312,1
1313,0
1314,0
1315,0
1316,0
1317,0
1318,0
1319,0
1320,0
1321,0
1322,1
1323,1
1324,0
1325,0
1326,0
1327,0
1328,0
1329,0
1330,1
1331,1
1332,0
1333,0
1334,0
1335,0
1336,0
1337,0
1338,0
1339,0
1340,1
1341,0
1342,0
1343,0
1344,0
1345,0
1346,0
1347,0
1348,1
1349,0
1350,1
1351,0
1352,0
1353,0
1354,0
1355,0
1356,0
1357,1
1358,0
1359,0
1360,0
1361,0
1362,0
1363,1
1364,1
1365,1
1366,1
1367,0
1368,0
1369,1
1370,0
1371,1
1372,0
1373,0
1374,1
1375,1
1376,0
1377,0
1378,1
1379,0
1380,0
1381,0
1382,1
1383,0
1384,0
1385,0
1386,0
1387,0
1388,0
1389,1
1390,1
1391,0
1392,0
1393,0
1394,1
1395,1
1396,0
1397,0
1398,0
1399,0
1400,0
1401,0
1402,0
1403,1
1404,0
1405,1
1406,1
1407,0
1408,1
1409,0
1410,0
1411,0
1412,0
1413,0
1414,0
1415,0
1416,0
1417,1
1418,0
1419,0
1420,0
1421,1
1422,0
1423,0
1424,0
1425,0
1426,0
1427,1
1428,0
1429,0
1430,0
1431,1
1432,0
1433,1
1434,0
1435,1
1436,0
1437,0
1438,1
1439,0
1440,0
1441,0
1442,1
1443,0
1444,0
1445,0
1446,0
1447,0
1448,0
1449,0
1450,0
1451,0
1452,1
1453,0
1454,0
1455,0
1456,0
1457,0
1458,0
1459,0
1460,0
1461,1
1462,1
1463,0
1464,0
1465,0
1466,0
1467,0
1468,0
1469,0
1470,0
1471,0
1472,0
1473,0
1474,0
1475,0
1476,0
1477,0
1478,0
1479,0
1480,0
1481,1
1482,0
1483,0
1484,0
1485,1
1486,0
1487,0
1488,0
1489,0
1490,0
1491,0
1492,0
1493,0
1494,0
1495,0
1496,1
1497,0
1498,1
1499,0
1500,1
1501,0
1502,0
1503,0
1504,0
1505,0
1506,0
1507,0
1508,0
1509,0
1510,1
1511,0
1512,0
1513,0
1514,0
1515,1
1516,0
1517,0
1518,0
1519,0
1520,1
1521,0
1522,0
1523,0
1524,0
1525,1
1526,0
1527,0
1528,1
1529,0
1530,0
1531,0
1532,1
1533,1
1534,0
1535,0
1536,0
1537,0
1538,0
1539,1
1540,0
1541,1
1542,1
1543,0
1544,0
1545,0
1546,0
1547,0
1548,0
1549,0
1550,0
1551,0
1552,0
1553,1
1554,0
1555,0
1556,0
1557,0
1558,0
1559,0
1560,0
1561,1
1562,1
1563,0
1564,0
1565,1
1566,0
1567,0
1568,0
1569,0
1570,0
1571,0
1572,0
1573,0
1574,0
1575,0
1576,0
1577,0
1578,0
1579,0
1580,0
1581,1
1582,0
1583,0
1584,0
1585,0
1586,1
1587,1
1588,1
1589,0
1590,1
1591,0
1592,1
1593,0
1594,0
1595,0
1596,0
1597,1
1598,1
1599,0
1600,0
1601,0
1602,0
1603,1
1604,0
1605,0
1606,1
1607,0
1608,0
1609,0
1610,0
1611,0
1612,1
1613,1
1614,0
1615,0
1616,0
1617,0
1618,0
1619,0
1620,0
1621,0
1622,0
1623,0
1624,0
1625,0
1626,1
1627,0
1628,0
1629,0
1630,1
1631,1
1632,0
1633,0
1634,0
1635,0
1636,1
1637,0
1638,0
1639,0
1640,0
1641,0
1642,0
1643,0
1644,0
1645,0
1646,0
1647,0
1648,0
1649,0
1650,0
1651,0
1652,0
1653,1
1654,0
1655,1
1656,0
1657,1
1658,0
1659,1
1660,0
1661,0
1662,0
1663,0
1664,0
1665,0
1666,1
1667,0
1668,0
1669,0
1670,1
1671,0
1672,1
1673,0
1674,0
1675,0
1676,0
1677,0
1678,0
1679,0
1680,0
1681,0
1682,0
1683,0
1684,1
1685,0
1686,0
1687,0
1688,0
1689,0
1690,0
1691,0
1692,0
1693,1
1694,0
1695,0
1696,0
1697,1
1698,0
1699,0
1700,0
1701,0
1702,1
1703,0
1704,0
1705,0
1706,0
1707,0
1708,0
1709,1
1710,0
1711,1
1712,0
1713,0
1714,0
1715,1
1716,1
1717,1
1718,1
1719,0
1720,0
1721,1
1722,0
1723,0
1724,0
1725,0
1726,0
1727,0
1728,0
1729,1
1730,0
1731,0
1732,0
1733,1
1734,0
1735,0
1736,0
1737,1
1738,1
1739,0
1740,0
1741,1
1742,1
1743,0
1744,1
1745,1
1746,0
1747,0
1748,0
1749,0
1750,0
1751,0
1752,0
1753,0
1754,1
1755,0
1756,0
1757,0
1758,0
1759,0
1760,0
1761,1
1762,0
1763,1
1764,0
1765,1
1766,1
1767,0
1768,0
1769,1
1770,0
1771,0
1772,0
1773,0
1774,1
1775,0
1776,0
1777,0
1778,0
1779,0
1780,1
1781,0
1782,0
1783,0
1784,0
1785,0
1786,0
1787,0
1788,0
1789,0
1790,1
1791,0
1792,0
1793,0
1794,0
1795,0
1796,1
1797,1
1798,0
1799,1
1800,1
1801,0
1802,0
1803,1
1804,1
1805,0
1806,1
1807,0
1808,0
1809,1
1810,0
1811,0
1812,0
1813,0
1814,0
1815,0
1816,1
1817,0
1818,1
1819,0
1820,0
1821,0
1822,0
1823,0
1824,0
1825,1
1826,0
1827,0
1828,0
1829,0
1830,0
1831,0
1832,1
1833,1
1834,0
1835,0
1836,0
1837,0
1838,1
1839,0
1840,0
1841,0
1842,0
1843,0
1844,0
1845,0
1846,0
1847,0
1848,0
1849,0
1850,0
1851,0
1852,0
1853,1
1854,0
1855,0
1856,0
1857,0
1858,1
1859,0
1860,0
1861,1
1862,0
1863,1
1864,1
1865,0
1866,0
1867,0
1868,0
1869,1
1870,0
1871,1
1872,1
1873,0
1874,1
1875,0
1876,0
1877,0
1878,0
1879,0
1880,1
1881,1
1882,1
1883,0
1884,0
1885,0
1886,0
1887,0
1888,0
1889,0
1890,0
1891,1
1892,0
1893,1
1894,0
1895,0
1896,0
1897,0
1898,0
1899,1
1900,0
1901,0
1902,0
1903,0
1904,0
1905,0
1906,1
1907,0
1908,0
1909,0
1910,0
1911,0
1912,0
1913,0
1914,1
1915,0
1916,0
1917,0
1918,0
1919,0
1920,0
1921,0
1922,0
1923,0
1924,1
1925,0
1926,0
1927,1
1928,0
1929,0
1930,0
1931,1
1932,0
1933,1
1934,1
1935,0
1936,0
1937,0
1938,1
1939,0
1940,0
1941,0
1942,0
1943,0
1944,0
1945,1
1946,1
1947,1
1948,1
1949,1
1950,0
1951,0
1952,0
1953,0
1954,0
1955,0
1956,0
1957,0
1958,0
1959,0
1960,0
1961,0
1962,0
1963,1
1964,0
1965,1
1966,0
1967,1
1968,0
1969,0
1970,0
1971,1
1972,0
1973,0
1974,0
1975,0
1976,1
1977,1
1978,1
1979,0
1980,0
1981,0
1982,0
1983,1
1984,1
1985,0
1986,0
1987,0
1988,0
1989,0
1990,0
1991,0
1992,0
1993,1
1994,1
1995,0
1996,0
1997,1
1998,0
1999,1
2000,0
2001,0
2002,0
2003,1
2004,1
2005,0
2006,1
2007,1
2008,0
2009,0
2010,0
2011,0
2012,1
2013,1
2014,1
2015,0
2016,0
2017,0
2018,1
2019,0
2020,1
2021,0
2022,0
2023,0
2024,0
2025,0
2026,0
2027,1
2028,0
2029,1
2030,1
2031,0
2032,0
2033,0
2034,0
2035,0
2036,1
2037,0
2038,0
2039,0
2040,0
2041,0
2042,0
2043,0
2044,0
2045,1
2046,0
2047,1
2048,0
2049,0
2050,0
2051,0
2052,0
2053,0
2054,0
2055,0
2056,0
2057,0
2058,1
2059,1
2060,0
2061,1
2062,1
2063,1
2064,0
2065,0
2066,1
2067,0
2068,0
2069,0
2070,0
2071,0
2072,0
2073,0
2074,1
2075,1
2076,0
2077,0
2078,0
2079,0
2080,0
2081,0
2082,0
2083,1
2084,0
2085,0
2086,0
2087,0
2088,1
2089,0
2090,0
2091,0
2092,0
2093,0
2094,1
2095,0
2096,0
2097,0
2098,0
2099,0
2100,0
2101,0
2102,0
2103,0
2104,0
2105,0
2106,1
2107,0
2108,0
2109,1
2110,0
2111,1
2112,1
2113,0
2114,1
2115,1
2116,0
2117,0
2118,0
2119,1
2120,0
2121,1
2122,0
2123,1
2124,0
2125,0
2126,1
2127,0
2128,0
2129,1
2130,1
2131,0
2132,0
2133,1
2134,0
2135,0
2136,0
2137,0
2138,1
2139,0
2140,0
2141,1
2142,0
2143,1
2144,0
2145,0
2146,1
2147,0
2148,0
2149,0
2150,0
2151,0
2152,0
2153,0
2154,0
2155,0
2156,1
2157,0
2158,0
2159,0
2160,0
2161,0
2162,0
2163,0
2164,0
2165,0
2166,0
2167,0
2168,1
2169,0
2170,0
2171,0
2172,0
2173,0
2174,0
2175,0
2176,0
2177,0
2178,0
2179,1
2180,0
2181,0
2182,0
2183,0
2184,0
2185,0
2186,0
2187,0
2188,0
2189,0
2190,0
2191,0
2192,0
2193,0
2194,0
2195,1
2196,0
2197,0
2198,0
2199,0
2200,0
2201,0
2202,0
2203,0
2204,0
2205,1
2206,0
2207,0
2208,0
2209,0
2210,0
2211,0
2212,1
2213,0
2214,0
2215,0
2216,0
2217,0
2218,0
2219,0
2220,0
2221,0
2222,0
2223,0
2224,0
2225,1
2226,0
2227,0
2228,0
2229,0
2230,0
2231,0
2232,0
2233,0
2234,0
2235,0
2236,0
2237,1
2238,0
2239,0
2240,0
2241,0
2242,0
2243,0
2244,0
2245,0
2246,0
2247,0
2248,1
2249,0
2250,0
2251,0
2252,0
2253,0
2254,0
2255,0
2256,0
2257,0
2258,0
2259,0
2260,0
2261,1
2262,0
2263,0
2264,0
2265,0
2266,0
2267,0
2268,0
2269,0
2270,0
2271,0
2272,0
2273,0
2274,0
2275,1
2276,0
2277,1
2278,0
2279,0
2280,0
2281,0
2282,0
2283,1
2284,0
2285,0
2286,0
2287,0
2288,0
2289,1
2290,0
2291,0
2292,0
2293,0
2294,0
2295,0
2296,1
2297,1
2298,1
2299,1
2300,0
2301,0
2302,0
2303,0
2304,1
2305,0
2306,0
2307,0
2308,0
2309,0
2310,0
2311,0
2312,0
2313,0
2314,0
2315,1
2316,1
2317,0
2318,0
2319,0
2320,0
2321,0
2322,1
2323,0
2324,0
2325,0
2326,0
2327,0
2328,1
2329,0
2330,0
2331,0
2332,0
2333,0
2334,1
2335,1
2336,0
2337,0
2338,0
2339,0
2340,0
2341,0
2342,1
2343,0
2344,0
2345,0
2346,0
2347,0
2348,1
2349,0
2350,0
2351,0
2352,0
2353,0
2354,1
2355,0
2356,0
2357,0
2358,0
2359,0
2360,0
2361,0
2362,0
2363,0
2364,1
2365,0
2366,0
2367,1
2368,0
2369,0
2370,0
2371,0
2372,1
2373,1
2374,0
2375,0
2376,0
2377,0
2378,0
2379,0
2380,0
2381,0
2382,0
2383,0
2384,0
2385,1
2386,0
2387,0
2388,0
2389,0
2390,0
2391,1
2392,0
2393,0
2394,0
2395,0
2396,0
2397,0
2398,1
2399,0
2400,0
2401,0
2402,0
2403,0
2404,1
2405,1
2406,1
2407,0
2408,0
2409,1
2410,0
2411,0
2412,0
2413,0
2414,0
2415,0
2416,1
2417,1
2418,0
2419,0
2420,0
2421,1
2422,1
2423,0
2424,0
2425,0
2426,0
2427,0
2428,1
2429,0
2430,0
2431,0
2432,0
2433,0
2434,0
2435,0
2436,1
2437,1
2438,1
2439,0
2440,0
2441,0
2442,1
2443,0
2444,0
2445,0
2446,0
2447,0
2448,0
2449,0
2450,1
2451,1
2452,0
2453,1
2454,0
2455,1
2456,1
2457,0
2458,1
2459,0
2460,0
2461,0
2462,0
2463,0
2464,0
2465,0
2466,0
2467,1
2468,1
2469,0
2470,0
2471,0
2472,0
2473,0
2474,0
2475,0
2476,1
2477,0
2478,0
2479,0
2480,0
2481,0
2482,0
2483,1
2484,0
2485,1
2486,0
2487,1
2488,0
2489,1
2490,0
2491,1
2492,0
2493,0
2494,0
2495,0
2496,1
2497,0
2498,1
2499,1
2500,1
2501,0
2502,1
2503,0
2504,0
2505,0
2506,1
2507,0
2508,0
2509,0
2510,1
2511,1
2512,0
2513,1
2514,0
2515,0
2516,0
2517,0
2518,1
2519,1
2520,0
2521,1
2522,0
2523,0
2524,0
2525,0
2526,0
2527,0
2528,0
2529,0
2530,0
2531,0
2532,0
2533,1
2534,1
2535,0
2536,0
2537,0
2538,1
2539,0
2540,0
2541,0
2542,0
2543,0
2544,1
2545,1
2546,1
2547,0
2548,0
2549,0
2550,1
2551,1
2552,0
2553,0
2554,0
2555,0
2556,0
2557,0
2558,0
2559,0
2560,0
2561,0
2562,0
2563,0
2564,0
2565,0
2566,0
2567,0
2568,1
2569,0
2570,0
2571,0
2572,0
2573,1
2574,0
2575,0
2576,0
2577,1
2578,0
2579,0
2580,1
2581,0
2582,1
2583,1
2584,0
2585,0
2586,0
2587,1
2588,0
2589,0
2590,0
2591,1
2592,0
2593,0
2594,0
2595,0
2596,0
2597,0
2598,0
2599,0
2600,1
2601,0
2602,1
2603,0
2604,0
2605,0
2606,0
2607,0
2608,0
2609,1
2610,0
2611,0
2612,1
2613,0
2614,0
2615,0
2616,1
2617,0
2618,0
2619,0
2620,0
2621,1
2622,0
2623,0
2624,1
2625,0
2626,1
2627,0
2628,1
2629,0
2630,0
2631,0
2632,0
2633,0
2634,0
2635,0
2636,1
2637,0
2638,0
2639,0
2640,0
2641,1
2642,0
2643,0
2644,0
2645,0
2646,0
2647,1
2648,1
2649,0
2650,1
2651,0
2652,0
2653,0
2654,0
2655,0
2656,1
2657,1
2658,1
2659,1
2660,0
2661,0
2662,1
2663,1
2664,0
2665,1
2666,0
2667,1
2668,0
2669,0
2670,1
2671,1
2672,0
2673,0
2674,0
2675,1
2676,0
2677,0
2678,1
2679,0
2680,0
2681,0
2682,0
2683,0
2684,0
2685,1
2686,0
2687,0
2688,0
2689,0
2690,0
2691,0
2692,0
2693,0
2694,0
2695,1
2696,0
2697,0
2698,1
2699,0
2700,0
2701,0
2702,1
2703,0
2704,0
2705,1
2706,1
2707,0
2708,1
2709,0
2710,1
2711,0
2712,1
2713,0
2714,0
2715,0
2716,0
2717,0
2718,0
2719,0
2720,1
2721,0
2722,1
2723,0
2724,0
2725,0
2726,0
2727,0
2728,1
2729,1
2730,0
2731,0
2732,0
2733,0
2734,1
2735,0
2736,0
2737,0
2738,0
2739,0
2740,0
2741,0
2742,0
2743,1
2744,0
2745,0
2746,1
2747,1
2748,0
2749,0
2750,0
2751,0
2752,1
2753,1
2754,0
2755,0
2756,0
2757,0
2758,0
2759,0
2760,0
2761,0
2762,0
2763,0
2764,0
2765,0
2766,0
2767,0
2768,0
2769,1
2770,0
2771,0
2772,0
2773,0
2774,0
2775,0
2776,0
2777,0
2778,0
2779,0
2780,1
2781,0
2782,0
2783,0
2784,1
2785,0
2786,0
2787,0
2788,0
2789,0
2790,0
2791,0
2792,1
2793,0
2794,0
2795,0
2796,1
2797,0
2798,0
2799,0
2800,0
2801,0
2802,0
2803,0
2804,0
2805,0
2806,0
2807,0
2808,0
2809,0
2810,0
2811,0
2812,0
2813,0
2814,0
2815,0
2816,0
2817,0
2818,1
2819,0
2820,0
2821,0
2822,0
2823,0
2824,0
2825,0
2826,0
2827,1
2828,0
2829,0
2830,0
2831,1
2832,0
2833,1
2834,0
2835,1
2836,1
2837,0
2838,0
2839,1
2840,0
2841,0
2842,0
2843,0
2844,0
2845,0
2846,1
2847,0
2848,1
2849,0
2850,0
2851,0
2852,1
2853,0
2854,1
2855,0
2856,1
2857,1
2858,0
2859,1
2860,1
2861,1
2862,1
2863,0
2864,0
2865,1
2866,0
2867,0
2868,0
2869,0
2870,0
2871,0
2872,0
2873,1
2874,0
2875,0
2876,0
2877,0
2878,0
2879,0
2880,0
2881,0
2882,0
2883,0
2884,0
2885,0
2886,0
2887,0
2888,0
2889,0
2890,0
2891,0
2892,0
2893,0
2894,0
2895,0
2896,0
2897,0
2898,0
2899,0
2900,0
2901,1
2902,0
2903,1
2904,0
2905,0
2906,0
2907,1
2908,0
2909,0
2910,1
2911,0
2912,1
2913,1
2914,1
2915,1
2916,0
2917,0
2918,0
2919,0
2920,1
2921,0
2922,0
2923,0
2924,1
2925,0
2926,0
2927,1
2928,0
2929,0
2930,0
2931,0
2932,1
2933,1
2934,0
2935,0
2936,1
2937,0
2938,0
2939,1
2940,1
2941,1
2942,0
2943,1
2944,0
2945,0
2946,1
2947,0
2948,0
2949,0
2950,0
2951,1
2952,0
2953,0
2954,0
2955,0
2956,0
2957,0
2958,1
2959,0
2960,0
2961,0
2962,0
2963,0
2964,0
2965,0
2966,0
2967,0
2968,0
2969,0
2970,1
2971,0
2972,0
2973,0
2974,0
2975,0
2976,0
2977,0
2978,0
2979,0
2980,0
2981,0
2982,0
2983,0
2984,0
2985,0
2986,0
2987,0
2988,1
2989,0
2990,0
2991,0
2992,0
2993,0
2994,0
2995,0
2996,0
2997,0
2998,0
2999,0
3000,0
3001,0
3002,0
3003,0
3004,0
3005,0
3006,1
3007,0
3008,0
3009,1
3010,0
3011,0
3012,0
3013,1
3014,0
3015,0
3016,0
3017,0
3018,1
3019,0
3020,1
3021,0
3022,0
3023,1
3024,1
3025,0
3026,1
3027,0
3028,0
3029,0
3030,0
3031,0
3032,0
3033,1
3034,1
3035,0
3036,1
3037,1
3038,1
3039,1
3040,0
3041,0
3042,0
3043,0
3044,1
3045,1
3046,0
3047,0
3048,0
3049,1
3050,1
3051,0
3052,0
3053,0
3054,1
3055,0
3056,0
3057,1
3058,1
3059,0
3060,0
3061,0
3062,1
3063,0
3064,1
3065,1
3066,0
3067,1
3068,0
3069,1
3070,1
3071,1
3072,1
3073,1
3074,1
3075,1
3076,1
3077,1
3078,0
3079,1
3080,1
3081,0
3082,1
3083,1
3084,1
3085,0
3086,0
3087,0
3088,0
3089,1
3090,1
3091,1
3092,0
3093,0
3094,1
3095,0
3096,0
3097,0
3098,1
3099,0
3100,0
3101,0
3102,0
3103,0
3104,1
3105,0
3106,1
3107,0
3108,1
3109,0
3110,0
3111,0
3112,0
3113,0
3114,0
3115,0
3116,0
3117,0
3118,0
3119,0
3120,0
3121,1
3122,0
3123,1
3124,1
3125,1
3126,0
3127,0
3128,0
3129,0
3130,0
3131,1
3132,1
3133,1
3134,0
3135,0
3136,0
3137,0
3138,0
3139,0
3140,0
3141,0
3142,1
3143,0
3144,1
3145,0
3146,0
3147,0
3148,1
3149,0
3150,0
3151,0
3152,0
3153,0
3154,0
3155,0
3156,0
3157,0
3158,0
3159,1
3160,1
3161,1
3162,0
3163,0
3164,0
3165,1
3166,0
3167,1
3168,0
3169,0
3170,0
3171,0
3172,1
3173,0
3174,1
3175,0
3176,0
3177,0
3178,0
3179,0
3180,0
3181,0
3182,1
3183,0
3184,0
3185,1
3186,0
3187,0
3188,1
3189,1
3190,0
3191,0
3192,0
3193,0
3194,0
3195,0
3196,1
3197,0
3198,0
3199,1
3200,1
3201,1
3202,1
3203,0
3204,0
3205,0
3206,0
3207,1
3208,0
3209,0
3210,1
3211,0
3212,0
3213,1
3214,0
3215,0
3216,0
3217,1
3218,0
3219,0
3220,1
3221,0
3222,0
3223,1
3224,0
3225,0
3226,0
3227,0
3228,0
3229,1
3230,0
3231,0
3232,1
3233,1
3234,0
3235,0
3236,0
3237,0
3238,0
3239,1
3240,0
3241,0
3242,0
3243,0
3244,0
3245,0
3246,0
3247,0
3248,0
3249,0
3250,0
3251,1
3252,0
3253,1
3254,1
3255,0
3256,0
3257,1
3258,0
3259,0
3260,0
3261,0
3262,1
3263,0
3264,0
3265,0
3266,0
3267,0
3268,0
3269,0
3270,0
3271,0
3272,0
3273,0
3274,0
3275,1
3276,0
3277,0
3278,1
3279,0
3280,0
3281,0
3282,0
3283,0
3284,1
3285,1
3286,0
3287,0
3288,0
3289,0
3290,0
3291,0
3292,0
3293,0
3294,0
3295,0
3296,0
3297,0
3298,1
3299,0
3300,0
3301,0
3302,0
3303,0
3304,0
3305,0
3306,0
3307,0
3308,0
3309,0
3310,0
3311,0
3312,0
3313,0
3314,0
3315,0
3316,1
3317,1
3318,1
3319,0
3320,0
3321,1
3322,0
3323,1
3324,0
3325,0
3326,0
3327,0
3328,0
3329,0
3330,0
3331,0
3332,0
3333,0
3334,1
3335,0
3336,0
3337,0
3338,1
3339,1
3340,0
3341,1
3342,0
3343,0
3344,0
3345,0
3346,0
3347,0
3348,0
3349,1
3350,0
3351,1
3352,0
3353,0
3354,0
3355,0
3356,0
3357,0
3358,0
3359,0
3360,1
3361,1
3362,1
3363,0
3364,0
3365,0
3366,1
3367,0
3368,1
3369,0
3370,0
3371,0
3372,1
3373,1
3374,0
3375,0
3376,0
3377,0
3378,0
3379,0
3380,0
3381,0
3382,1
3383,0
3384,0
3385,0
3386,0
3387,1
3388,1
3389,1
3390,0
3391,1
3392,0
3393,0
3394,0
3395,0
3396,0
3397,0
3398,0
3399,1
3400,0
3401,0
3402,1
3403,0
3404,1
3405,0
3406,0
3407,0
3408,0
3409,0
3410,0
3411,0
3412,0
3413,0
3414,0
3415,0
3416,0
3417,0
3418,0
3419,0
3420,0
3421,0
3422,0
3423,0
3424,0
3425,1
3426,0
3427,0
3428,1
3429,0
3430,0
3431,0
3432,1
3433,1
3434,1
3435,1
3436,0
3437,0
3438,1
3439,0
3440,1
3441,0
3442,0
3443,0
3444,0
3445,0
3446,0
3447,1
3448,0
3449,0
3450,1
3451,0
3452,0
3453,0
3454,1
3455,1
3456,0
3457,0
3458,0
3459,0
3460,0
3461,0
3462,1
3463,0
3464,0
3465,1
3466,0
3467,0
3468,0
3469,0
3470,0
3471,0
3472,0
3473,0
3474,0
3475,0
3476,0
3477,1
3478,0
3479,0
3480,1
3481,0
3482,1
3483,0
3484,1
3485,0
3486,0
3487,1
3488,0
3489,0
3490,0
3491,0
3492,0
3493,0
3494,0
3495,0
3496,0
3497,1
3498,0
3499,0
3500,0
3501,0
3502,0
3503,0
3504,1
3505,0
3506,0
3507,0
3508,1
3509,0
3510,1
3511,0
3512,0
3513,0
3514,0
3515,0
3516,0
3517,0
3518,0
3519,0
3520,0
3521,0
3522,0
3523,0
3524,0
3525,1
3526,1
3527,1
3528,1
3529,0
3530,0
3531,0
3532,0
3533,0
3534,0
3535,0
3536,0
3537,0
3538,0
3539,0
3540,0
3541,0
3542,0
3543,0
3544,0
3545,0
3546,0
3547,0
3548,0
3549,0
3550,0
3551,0
3552,0
3553,0
3554,1
3555,0
3556,0
3557,1
3558,0
3559,0
3560,0
3561,0
3562,1
3563,0
3564,1
3565,0
3566,0
3567,1
3568,0
3569,0
3570,1
3571,0
3572,0
3573,0
3574,0
3575,0
3576,0
3577,1
3578,0
3579,0
3580,0
3581,0
3582,0
3583,1
3584,1
3585,0
3586,0
3587,1
3588,1
3589,1
3590,0
3591,1
3592,1
3593,0
3594,0
3595,1
3596,0
3597,0
3598,0
3599,0
3600,0
3601,0
3602,0
3603,0
3604,1
3605,0
3606,0
3607,0
3608,0
3609,0
3610,0
3611,0
3612,0
3613,0
3614,0
3615,0
3616,1
3617,0
3618,1
3619,0
3620,0
3621,1
3622,0
3623,1
3624,0
3625,0
3626,0
3627,0
3628,1
3629,0
3630,0
3631,1
3632,0
3633,0
3634,0
3635,0
3636,0
3637,1
3638,1
3639,0
3640,0
3641,0
3642,1
3643,0
3644,0
3645,0
3646,0
3647,1
3648,0
3649,1
3650,0
3651,0
3652,0
3653,0
3654,0
3655,1
3656,0
3657,0
3658,0
3659,0
3660,1
3661,0
3662,0
3663,0
3664,0
3665,1
3666,0
3667,0
3668,1
3669,1
3670,0
3671,0
3672,0
3673,1
3674,1
3675,0
3676,0
3677,0
3678,0
3679,0
3680,0
3681,0
3682,0
3683,0
3684,1
3685,0
3686,0
3687,0
3688,1
3689,0
3690,0
3691,1
3692,1
3693,0
3694,0
3695,0
3696,0
3697,0
3698,1
3699,0
3700,1
3701,0
3702,0
3703,0
3704,0
3705,0
3706,0
3707,1
3708,0
3709,1
3710,0
3711,0
3712,0
3713,1
3714,0
3715,0
3716,0
3717,0
3718,1
3719,0
3720,0
3721,0
3722,0
3723,0
3724,1
3725,0
3726,0
3727,0
3728,0
3729,0
3730,0
3731,0
3732,0
3733,0
3734,0
3735,0
3736,0
3737,0
3738,0
3739,1
3740,0
3741,1
3742,0
3743,0
3744,1
3745,0
3746,1
3747,0
3748,0
3749,0
3750,0
3751,0
3752,1
3753,0
3754,0
3755,1
3756,1
3757,0
3758,1
3759,0
3760,0
3761,1
3762,0
3763,0
3764,0
3765,1
3766,0
3767,0
3768,1
3769,0
3770,0
3771,0
3772,1
3773,0
3774,0
3775,0
3776,1
3777,0
3778,0
3779,0
3780,0
3781,0
3782,0
3783,0
3784,1
3785,0
3786,0
3787,0
3788,0
3789,0
3790,0
3791,0
3792,0
3793,0
3794,0
3795,1
3796,0
3797,0
3798,1
3799,0
3800,0
3801,0
3802,0
3803,1
3804,0
3805,0
3806,0
3807,1
3808,1
3809,0
3810,0
3811,0
3812,0
3813,1
3814,1
3815,1
3816,0
3817,0
3818,0
3819,1
3820,0
3821,0
3822,0
3823,0
3824,0
3825,1
3826,1
3827,0
3828,0
3829,0
3830,0
3831,0
3832,0
3833,1
3834,0
3835,0
3836,0
3837,0
3838,0
3839,0
3840,1
3841,1
3842,0
3843,0
3844,0
3845,0
3846,0
3847,1
3848,0
3849,1
3850,0
3851,0
3852,0
3853,0
3854,1
3855,0
3856,1
3857,0
3858,0
3859,1
3860,0
3861,0
3862,0
3863,0
3864,1
3865,0
3866,0
3867,0
3868,0
3869,0
3870,0
3871,1
3872,0
3873,1
3874,1
3875,0
3876,0
3877,0
3878,0
3879,0
3880,0
3881,1
3882,0
3883,1
3884,0
3885,1
3886,1
3887,0
3888,0
3889,1
3890,0
3891,0
3892,0
3893,0
3894,0
3895,1
3896,0
3897,1
3898,0
3899,0
3900,0
3901,0
3902,0
3903,0
3904,0
3905,1
3906,0
3907,0
3908,0
3909,0
3910,1
3911,0
3912,1
3913,0
3914,0
3915,0
3916,1
3917,0
3918,0
3919,0
3920,0
3921,0
3922,0
3923,0
3924,0
3925,0
3926,0
3927,0
3928,0
3929,1
3930,1
3931,0
3932,0
3933,0
3934,0
3935,0
3936,0
3937,0
